source_file,backend,judge_model,total_rows,matched_rows,composite_key_matches,line_index_matches,embedded_response_references,train_reference_answers,skipped_unmatched,skipped_empty_reference,skipped_empty_candidate,judged,wins,losses,ties,request_errors,parse_errors,win_rate,loss_rate,tie_rate,tie_adjusted_win_rate,detail_output
score_generate_chaincritic-v11-62000.jsonl,api,cortex-5,1000,994,1000,0,26,968,0,0,6,864,397,432,35,129,1,0.459491,0.500000,0.040509,0.479745,/data/dhf/chain_critic/datasets/Feedback-Bench/pairwise_judge/score_generate_chaincritic-v11-62000.pairwise_judge.jsonl
score_generate_chaincritic-v11-70669.jsonl,api,cortex-5,1000,990,1000,0,26,964,0,0,10,865,388,437,40,125,0,0.448555,0.505202,0.046243,0.471676,/data/dhf/chain_critic/datasets/Feedback-Bench/pairwise_judge/score_generate_chaincritic-v11-70669.pairwise_judge.jsonl
score_generate_Ministral-3-14B-Instruct-2512.jsonl,api,cortex-5,1000,927,1000,0,25,902,0,0,73,813,589,196,28,114,0,0.724477,0.241082,0.034440,0.741697,/data/dhf/chain_critic/datasets/Feedback-Bench/pairwise_judge/score_generate_Ministral-3-14B-Instruct-2512.pairwise_judge.jsonl
score_generate_Mistral-7B-Instruct-v0.3.jsonl,api,cortex-5,1000,811,1000,0,22,789,0,0,189,703,98,570,35,108,0,0.139403,0.810811,0.049787,0.164296,/data/dhf/chain_critic/datasets/Feedback-Bench/pairwise_judge/score_generate_Mistral-7B-Instruct-v0.3.pairwise_judge.jsonl
score_generate_Prometheus-7B-v2.0.jsonl,api,cortex-5,1000,183,1000,0,1,182,0,0,817,160,4,153,3,23,0,0.025000,0.956250,0.018750,0.034375,/data/dhf/chain_critic/datasets/Feedback-Bench/pairwise_judge/score_generate_Prometheus-7B-v2.0.pairwise_judge.jsonl
score_generate_Qwen2.5-14B-Instruct.jsonl,api,cortex-5,1000,974,1000,0,24,950,0,0,26,853,261,518,74,121,0,0.305979,0.607268,0.086753,0.349355,/data/dhf/chain_critic/datasets/Feedback-Bench/pairwise_judge/score_generate_Qwen2.5-14B-Instruct.pairwise_judge.jsonl
score_generate_Qwen2.5-32B-Instruct.jsonl,api,cortex-5,1000,961,1000,0,25,936,0,0,39,857,349,424,84,104,0,0.407235,0.494749,0.098016,0.456243,/data/dhf/chain_critic/datasets/Feedback-Bench/pairwise_judge/score_generate_Qwen2.5-32B-Instruct.pairwise_judge.jsonl
score_generate_Qwen2.5-7B-Instruct.jsonl,api,cortex-5,1000,635,1000,0,18,617,0,0,365,562,149,383,30,73,0,0.265125,0.681495,0.053381,0.291815,/data/dhf/chain_critic/datasets/Feedback-Bench/pairwise_judge/score_generate_Qwen2.5-7B-Instruct.pairwise_judge.jsonl
score_generate_Qwen3.5-27B.jsonl,api,cortex-5,1000,999,1000,0,26,973,0,0,1,889,663,198,28,110,0,0.745782,0.222722,0.031496,0.761530,/data/dhf/chain_critic/datasets/Feedback-Bench/pairwise_judge/score_generate_Qwen3.5-27B.pairwise_judge.jsonl
score_generate_Qwen3.5-9B.jsonl,api,cortex-5,1000,997,1000,0,25,972,0,0,3,873,571,262,40,124,0,0.654066,0.300115,0.045819,0.676976,/data/dhf/chain_critic/datasets/Feedback-Bench/pairwise_judge/score_generate_Qwen3.5-9B.pairwise_judge.jsonl
